{
  "tests/run_phase1_shadow_debug2.py": 1775766138.0911593,
  "tests/__init__.py": 1775770049.5482757,
  "tests/run_full_pipeline_shadow.py": 1775791077.2801418,
  "tests/run_with_telegram_notifications.py": 1775836325.1175997,
  "tests/run_phase1_shadow_debug.py": 1775766008.71276,
  "tests/test_java_microservice_javaparser.py": 1775765311.3595347,
  "tests/test_agent2_localizer.py": 1775765121.9119134,
  "tests/run_full_pipeline_shadow_v2.py": 1775814614.8039563,
  "tests/run_full_pipeline_shadow_v3.py": 1775869699.1142557,
  "tests/run_phase1_shadow.py": 1775768201.866893,
  "tests/test_agent1_classifier.py": 1775764726.265937,
  "tests/run_phase1_shadow_debug3.py": 1775766252.6130192,
  "tests/test_java_microservice.py": 1775765281.4934413,
  "tests/core/test_llm_router.py": 1775763999.8637047,
  "tests/core/test_state.py": 1775763994.6741672,
  "tests/unit/__init__.py": 1775770049.775299,
  "tests/unit/agents/test_agent3_fastapply.py": 1775790717.2368517,
  "tests/unit/agents/__init__.py": 1775770049.9683192,
  "tests/unit/agents/test_agents_4_5_6.py": 1775790789.0872934,
  "tests/memory/test_db.py": 1775764054.507364,
  "tests/agents/test_agent0_git.py": 1775764007.1704614,
  "helpers/collect_test_results.py": 1775823132.6661742,
  "helpers/hbase/get_test_targets.py": 1775759717.8192215,
  "helpers/elasticsearch/get_test_targets.py": 1775831414.684035,
  "helpers/crate/get_test_targets.py": 1775759717.8082204,
  "helpers/druid/get_test_targets.py": 1775759717.8122208,
  "java-microservice/src/main/java/com/omniport/OmniPortApplication.java": 1775788142.2491584,
  "java-microservice/src/main/java/com/omniport/api/HealthController.java": 1775788530.0183198,
  "java-microservice/src/main/java/com/omniport/api/JapicmpController.java": 1775788527.7410839,
  "java-microservice/src/main/java/com/omniport/api/JavaParserController.java": 1775803344.7347045,
  "java-microservice/src/main/java/com/omniport/api/GumTreeController.java": 1775788520.647349,
  "java-microservice/src/main/java/com/omniport/api/JapicmpService.java": 1775794622.4853237,
  "java-microservice/src/main/java/com/omniport/ast/JavaParserService.java": 1775803344.7347045,
  "java-microservice/src/main/java/com/omniport/diff/GumTreeService.java": 1775786838.4571235,
  "src/__init__.py": 1775770048.3701537,
  "src/core/state.py": 1775814050.7235334,
  "src/core/__init__.py": 1775770048.4641633,
  "src/core/llm_router.py": 1775794373.8925767,
  "src/core/graph.py": 1775814050.7235334,
  "src/backport_claw/__init__.py": 1775763985.4292097,
  "src/backport_claw/apply_hunk.py": 1775769949.2958913,
  "src/memory/db.py": 1775764072.42822,
  "src/memory/__init__.py": 1775770049.0872278,
  "src/localization/stage4_javaparser.py": 1775794321.824184,
  "src/localization/stage5_embedding.py": 1775794353.1114242,
  "src/localization/__init__.py": 1775764754.8518975,
  "src/localization/stage1_git.py": 1775804805.1339602,
  "src/localization/stage0_hierarchy.py": 1775803344.7447054,
  "src/localization/stage3_gumtree.py": 1775794306.9136395,
  "src/localization/stage2_fuzzy.py": 1775764861.6099544,
  "src/agents/agent5_structural.py": 1775870535.5258865,
  "src/agents/__init__.py": 1775770048.43116,
  "src/agents/agent2_classifier.py": 1775785529.4575489,
  "src/agents/agent4_namespace.py": 1775870499.3951442,
  "src/agents/agent3_fastapply.py": 1775797320.5467675,
  "src/agents/agent6_synthesizer.py": 1775790642.2930896,
  "src/agents/hunk_router.py": 1775794388.8481257,
  "src/agents/agent7_validator.py": 1775869711.8975797,
  "src/agents/agent1_localizer.py": 1775814942.178863,
  "src/agents/agent0_git.py": 1775762674.5504408,
  "src/tools/import_cleanup.py": 1775795866.2421422,
  "src/tools/java_client.py": 1775789586.5217426,
  "src/tools/__init__.py": 1775770048.8712056,
  "src/tools/patch_parser.py": 1775765458.392763,
  "src/tools/get_telegram_chat_id.py": 1775835031.2535958,
  "src/tools/notification_service.py": 1775847856.1839116,
  "src/tools/build_systems.py": 1775831529.971976,
  "src/tools/java_microservice_mcp.py": 1775788286.7141206,
  "src/tools/preprocessor.py": 1775767832.1936057,
  "src/tools/java_http_client.py": 1775803344.7347045,
  "legacy/evaluate_full_workflow.py": 1775759819.2027218,
  "legacy/validation_tools.py": 1775760031.735734,
  "legacy/validation_agent.py": 1775759791.4008424,
  "legacy/phase0_optimistic.py": 1775759782.5689278,
  "fix_plan.txt": 1775766702.3075886,
  "CLAUDE.md": 1775769879.6246746,
  "README.md": 1775792017.4225135,
  "tests/shadow_run_results_v3/SUMMARY.md": 1775871919.4972305,
  "readme/agent2_classifier.md": 1775767789.1111436,
  "readme/agent1_localizer.md": 1775767798.1750824,
  "readme/agent4_namespace.md": 1775792280.4227529,
  "readme/agent6_synthesizer.md": 1775792349.7549338,
  "readme/agent5_structural.md": 1775792313.8272128,
  "readme/tools_and_utils.md": 1775767130.439925,
  "readme/agent3_fastapply.md": 1775792251.0697129,
  "docs/omniport_implementation_plan.md": 1775769651.1280065,
  "docs/plan.md": 1775769490.7043896
}